Nº;Pilar;O que é;Situação;Como sabemos;Quando
1;Onboarding;Fluxo de onboarding existe e grava perfil;PRONTO;verificado no código;feito
2;Site builder;Geração de site por IA está ligada ao onboarding;PRONTO;verificado no código;feito
3;Site builder;Publicação de site tem rota e chamador;PRONTO;verificado no código;feito
4;Site builder;Resposta direta abaixo do título (o trecho que a IA copia ao citar);PRONTO;verificado no código;feito
5;Blog builder;Editor de post chama a rota de publicação de blog;PRONTO;verificado no código;feito
6;Métricas;Painel lê score real da API (não hardcoded);PRONTO;verificado no código;feito
7;Métricas;Score é persistido em histórico (score_snapshots);PRONTO;verificado no código;feito
8;Métricas;AEO usa medição real, sem amostra sintética na interface;PRONTO;verificado no código;feito
9;Métricas;Visitas de robô de IA são contadas no site do cliente;PRONTO;verificado no código;feito
10;GBP;Existe integração com a API do Google (OAuth + publicação);FALTA;verificado no código;esperando o Google liberar
11;GBP;Rascunho de post do Google é gerado por IA;PRONTO;verificado no código;feito
12;GBP;Cliente registra que publicou no perfil (published_at é escrito);PRONTO;verificado no código;feito
13;GBP;Calendário do mês: posts saem com data marcada;PRONTO;verificado no código;feito
14;GBP;Link do Perfil é lido, guardado com place_id e vinculável no painel;PRONTO;verificado no código;feito
15;GBP;Lembrete semanal do post sai sozinho (rota + agendamento);PRONTO;verificado no código;feito
16;GBP;Ponte blog ↔ Perfil: artigo publicado vira post, post vira pauta;PRONTO;verificado no código;feito
17;Fora do MVP;Loja: botão de compra ligado ao checkout;FALTA;verificado no código;depois do lançamento
18;Fora do MVP;Loja: painel de produtos existe;FALTA;verificado no código;depois do lançamento
19;Google Perfil;Você rodar o teste seco do robô (?seco=1) com o CRON_SECRET na mão;ESPERANDO VOCÊ;plano;agora
20;Google Perfil;Você aprovar o texto do e-mail semanal do Perfil (portão G1);ESPERANDO VOCÊ;plano;agora
21;Google Perfil;Sessão de teste T5: publicar um post no seu Perfil de verdade, 20 min;ESPERANDO VOCÊ;plano;agora
22;Métricas;Posição real das palavras-chave, puxada do Search Console;FALTA;plano;R3 · 27/10 a 07/11
23;Site builder;Tela de domínio próprio no painel (hoje o cliente não tem onde apontar o DNS);FALTA;plano;R2 · 13/10 a 24/10
24;Site builder;"Content-Signal: separar ""pode me citar"" de ""pode me usar pra treinar""";FALTA;plano;R3 · 27/10 a 07/11
25;Site builder;Site lento não publica (trava acima de 2,5 segundos);FALTA;plano;R3 · 27/10 a 07/11
26;Site builder;Avisar quando uma página fica a mais de 3 cliques da home;FALTA;plano;R3 · 27/10 a 07/11
27;Onboarding;"Descobrir por que 9 sites são gerados e só 2 são publicados (6 eram teste; falha sem motivo e publicação sem lista corrigidas)";PRONTO;plano;R2 · 13/10 a 24/10
28;Onboarding;Opção Enterprise: sai do fluxo normal e cai no e-mail institucional;FALTA;plano;R2 · 13/10 a 24/10
29;Blog builder;Publicar 5 posts de verdade e conferir os links entre eles;FALTA;plano;R3 · 27/10 a 07/11
30;Fora do MVP;Cobrança da assinatura (o beta é grátis, então não corre);FORA DO MVP;plano;depois do lançamento